<?xml version="1.0" encoding="UTF-8"?>
<!DOCTYPE suite SYSTEM "http://testng.org/testng-1.0.dtd">
<suite name="Suite">
<listeners>
<listener class-name="com.zoopla.testUtils.TestListener"></listener>
</listeners>
  <test thread-count="5" name="Test">
    <classes>
    
    	 <!-- <class name="com.zoopla.tests.HomePageTest"/>-->
   	 	<class name="com.zoopla.tests.ForSalePageTest"/> 
      	<class name="com.zoopla.tests.PropertyDtilPageTest"/>    
      <class name="com.zoopla.tests.AgentPageTest"/>
    </classes>
  </test> <!-- Test -->
</suite> <!-- Suite -->
